names,sex
Aala,F
Abeer,F
Abir,F
Ahlaam,F
Ahlam,F
Aisha,F
Ala,F
Alanoud,F
Aljawhara,F
Aljouhara,F
Amaal,F
Amal,F
Amani,F
Amany,F
Anoud,F
Areeg,F
Areej,F
Arij,F
Ashwag,F
Ashwaq,F
Asma,F
Asmaa,F
Asmah,F
Ayesha,F
Ayisha,F
Aysha,F
Azza,F
Bashair,F
Bashayer,F
Basma,F
Basmah,F
Basmh,F
Bayan,F
Bayyan,F
Boshra,F
Boushra,F
Bshair,F
Bushra,F
Dana,F
Danah,F
Daniya,F
Daniyah,F
Diana,F
Doaa,F
Donia,F
Donya,F
Dua,F
Dunia,F
Dyana,F
Elaf,F
Elham,F
Eman,F
Enas,F
Engy,F
Esraa,F
Fatemah,F
Fatima,F
Fatimah,F
Fatma,F
Ferdous,F
Firdaus,F
Ghada,F
Ghadah,F
Hagar,F
Hajar,F
Hana,F
Hanaa,F
Hanaah,F
Hanaan,F
Hanan,F
Haneen,F
Hania,F
Hanin,F
Haniya,F
Haya,F
Hayah,F
Hend,F
Hind,F
Hoda,F
Houda,F
Huda,F
Ilaaf,F
Ilham,F
Iman,F
Imen,F
Inas,F
Ingy,F
Isra,F
Israa,F
Jana,F
Janah,F
Jasmine,F
Jawaher,F
Jawahir,F
Jawhara,F
Joharah,F
Jori,F
Jory,F
Jouhara,F
Jouri,F
Joury,F
Khadeja,F
Khadija,F
Khadijah,F
Laila,F
Lama,F
Lamaa,F
Lamia,F
Lamya,F
Lara,F
Lateefa,F
Latifa,F
Latifah,F
Layan,F
Layla,F
Leena,F
Leila,F
Lena,F
Lina,F
Lojain,F
Lujain,F
Lujein,F
Lyan,F
Maha,F
Malak,F
Manal,F
Maram,F
Mariam,F
Mariem,F
Marwa,F
Marwah,F
Maryam,F
Mayar,F
Maysa,F
Maysaa,F
Maysoon,F
Meera,F
Meryem,F
Mira,F
Mona,F
Muna,F
Muneera,F
Munira,F
Nadia,F
Nadiyah,F
Najla,F
Najlaa,F
Nasreen,F
Nesrine,F
Noha,F
Noof,F
Noor,F
Noora,F
Nor,F
Nora,F
Norah,F
Nouf,F
Nour,F
Noura,F
Nourah,F
Nuha,F
Rahma,F
Rahmah,F
Rania,F
Raniah,F
Rawan,F
Rawiah,F
Rawya,F
Reem,F
Rim,F
Roa,F
Roaa,F
Roba,F
Rouan,F
Rowaa,F
Rua,F
Ruaa,F
Ruba,F
Rubaa,F
Rym,F
Samia,F
Samiyah,F
Samyah,F
Sara,F
Sarah,F
Sarra,F
Sedra,F
Shahad,F
Shahd,F
Shaikha,F
Shawg,F
Shawq,F
Sheikha,F
Shifa,F
Shifaa,F
Shoug,F
Shouq,F
Sidra,F
Somaya,F
Somia,F
Sumayya,F
Sumayyah,F
Susan,F
Suzan,F
Suzanne,F
Tahani,F
Tahany,F
Tala,F
Talaa,F
Taleen,F
Talin,F
Wafa,F
Wafaa,F
Warda,F
Wardah,F
Wedad,F
Widad,F
Yasmin,F
Yasmine,F
Abd Alaziz,M
Abdallah,M
Abdelaziz,M
Abdelhamid,M
Abdelkader,M
Abdelkarim,M
Abdellatif,M
Abdelmalek,M
Abdelnasser,M
Abdelrahim,M
Abdelrahman,M
Abdul Aziz,M
Abdul Rahman,M
Abdulaziz,M
Abdulhamid,M
Abdulkarim,M
Abdulla,M
Abdullah,M
Abdullatif,M
Abdulmajeed,M
Abdulmajid,M
Abdulmalik,M
Abdulnasser,M
Abdulqader,M
Abdulrahim,M
Abdulrahman,M
Adel,M
Adil,M
Adnan,M
Ahmad,M
Ahmed,M
Aiman,M
Akram,M
Ali,M
Aly,M
Ameen,M
Ameer,M
Amin,M
Amir,M
Anas,M
Anass,M
Ayman,M
Ayob,M
Ayoub,M
Ayyub,M
Bader,M
Badr,M
Bakir,M
Bakr,M
Basam,M
Basel,M
Bashar,M
Basil,M
Basim,M
Bassam,M
Bassem,M
Belal,M
Bilal,M
Ebrahim,M
Edris,M
Elias,M
Emad,M
Eslam,M
Esmail,M
Fadi,M
Fahad,M
Fahd,M
Faisal,M
Fares,M
Faris,M
Fayez,M
Faysal,M
Foad,M
Fuad,M
Gamal,M
Hafez,M
Hafiz,M
Haitham,M
Hamad,M
Hamed,M
Hameed,M
Hamid,M
Hammad,M
Hamza,M
Hamzah,M
Hani,M
Hany,M
Hasan,M
Hashem,M
Hashim,M
Hassan,M
Hatem,M
Hatim,M
Haytham,M
Hesham,M
Hisham,M
Hossain,M
Hossam,M
Husain,M
Husam,M
Hussain,M
Hussam,M
Hussein,M
Ibrahim,M
Idris,M
Ilyas,M
Imad,M
Isaac,M
Ishaq,M
Islam,M
Ismail,M
Jaber,M
Jabir,M
Jamal,M
Jasim,M
Jassim,M
Kadhim,M
Kamal,M
Kareem,M
Karim,M
Kassem,M
Kazem,M
Kemal,M
Khaled,M
Khalid,M
Maged,M
Mahdi,M
Mahmoud,M
Mahmud,M
Majed,M
Majid,M
Malek,M
Malik,M
Mansoor,M
Mansour,M
Mazen,M
Mazin,M
Mehdi,M
Moath,M
Mobarak,M
Mohamad,M
Mohamed,M
Mohammad,M
Mohammed,M
Mohanad,M
Mohannad,M
Montaser,M
Mostafa,M
Mourad,M
Moustafa,M
Muadh,M
Muath,M
Mubarak,M
Muhammad,M
Muhammed,M
Muhannad,M
Muneeb,M
Muneer,M
Munir,M
Muntasir,M
Munther,M
Murad,M
Mustafa,M
Muteb,M
Nabeel,M
Nabil,M
Naif,M
Naser,M
Nasser,M
Nassir,M
Nawaf,M
Nayef,M
Nidal,M
Nizar,M
Omar,M
Omer,M
Osama,M
Oussama,M
Qasem,M
Qasim,M
Qassim,M
Rakan,M
Rami,M
Ramy,M
Rasheed,M
Rashid,M
Reda,M
Ridha,M
Saad,M
Saeed,M
Said,M
Saif,M
Salah,M
Saleem,M
Saleh,M
Salih,M
Salman,M
Sameer,M
Sameh,M
Samer,M
Sami,M
Samih,M
Samir,M
Samy,M
Saood,M
Saud,M
Seddiq,M
Seif,M
Sharif,M
Shehab,M
Sherif,M
Shihab,M
Shoaib,M
Shuaib,M
Siddiq,M
Sulaiman,M
Suleiman,M
Sultan,M
Tarek,M
Tareq,M
Tariq,M
Thamer,M
Thamir,M
Turki,M
Umar,M
Usama,M
Wael,M
Wagdy,M
Wail,M
Wajdi,M
Waleed,M
Walid,M
Wesam,M
Wisam,M
Yahia,M
Yahya,M
Yaser,M
Yasir,M
Yasser,M
Younes,M
Younis,M
Yousef,M
Yousif,M
Youssef,M
Yunus,M
Yusuf,M
Zaid,M
Zakaria,M
Zakariya,M
Zayd,M
Zeid,M
Ziad,M
Ziyad,M
